users,password_hash,role
admin,03ac674216f3e15c761ee1a5e255f067953623c8b388b4459e13f978d7c846f4,admin
user9,888df25ae35772424a560c7152a1de794440e0ea5cfee62828333a456a506e05,user
userd,5bf8aa57fc5a6bc547decf1cc6db63f10deb55a3c6c5df497d631fb3d95e1abf,user
userw,183d17bfaf501732c201913ab684b2c5504b354d51cb8f99eebbf04df48a0e35,user
user5,c1f330d0aff31c1c87403f1e4347bcc21aff7c179908723535f2b31723702525,user
userh,92e7dd7306dbdd412c8d6b626b7c808f0c3fc692c9297aedf047ae918b11be58,user
user7,41c991eb6a66242c0454191244278183ce58cf4a6bcd372f799e4b9cc01886af,user
user1,0ffe1abd1a08215353c233d6e009613e95eec4253832a761af28ff37ac5a150c,user
user77,41c991eb6a66242c0454191244278183ce58cf4a6bcd372f799e4b9cc01886af,user
